{
  "source": "results/task2_triangle_counts.json",
  "n_experiments": 18,
  "n_taus": 3,
  "z_score_mean": 2723.2892930595203,
  "z_score_median": 2193.8265609355158,
  "z_score_max": 7031.154731310231,
  "z_score_min": 349.9019707979192,
  "n_significantly_more_than_random": 18,
  "n_significantly_fewer_than_random": 0,
  "n_consistent_with_random": 0,
  "interpretation": "STRONG NON-RANDOM STRUCTURE: corpus has significantly more triangles than G(n,p) at same density. This indicates co-occurrence graph has genuine clustering not attributable to edge density alone.",
  "experiments": [
    {
      "tau": 1.0,
      "vocab_size": 1000,
      "n_vertices": 1000,
      "edge_density": 0.07987587587587587,
      "observed_triangles": 286001,
      "expected_sparse": 84682.11170657398,
      "variance_sparse": 89113.11969744896,
      "std_sparse": 298.51820664316097,
      "z_score": 674.3940028223341,
      "sparse_excess_ratio": 3.377348465175289,
      "significantly_more_than_random": true,
      "significantly_fewer_than_random": false,
      "consistent_with_random": false
    },
    {
      "tau": 1.0,
      "vocab_size": 2000,
      "n_vertices": 2000,
      "edge_density": 0.08484892446223112,
      "observed_triangles": 2078041,
      "expected_sparse": 813253.7005212909,
      "variance_sparse": 860979.8983659298,
      "std_sparse": 927.8900249307187,
      "z_score": 1363.0788838075343,
      "sparse_excess_ratio": 2.555218622021625,
      "significantly_more_than_random": true,
      "significantly_fewer_than_random": false,
      "consistent_with_random": false
    },
    {
      "tau": 1.0,
      "vocab_size": 3000,
      "n_vertices": 3000,
      "edge_density": 0.09211159275313993,
      "observed_triangles": 7684310,
      "expected_sparse": 3513346.426170743,
      "variance_sparse": 3754171.0745659727,
      "std_sparse": 1937.568340618202,
      "z_score": 2152.6794623917453,
      "sparse_excess_ratio": 2.187176858723625,
      "significantly_more_than_random": true,
      "significantly_fewer_than_random": false,
      "consistent_with_random": false
    },
    {
      "tau": 1.0,
      "vocab_size": 5000,
      "n_vertices": 5000,
      "edge_density": 0.10847625525105022,
      "observed_triangles": 46978129,
      "expected_sparse": 26576769.850597408,
      "variance_sparse": 29052113.56720878,
      "std_sparse": 5390.001258553543,
      "z_score": 3785.0379194303723,
      "sparse_excess_ratio": 1.7676387786811496,
      "significantly_more_than_random": true,
      "significantly_fewer_than_random": false,
      "consistent_with_random": false
    },
    {
      "tau": 1.0,
      "vocab_size": 7500,
      "n_vertices": 7500,
      "edge_density": 0.12236934702404766,
      "observed_triangles": 193882623,
      "expected_sparse": 128788394.8734705,
      "variance_sparse": 143785083.94093496,
      "std_sparse": 11991.041820498123,
      "z_score": 5428.571520387325,
      "sparse_excess_ratio": 1.5054355106334076,
      "significantly_more_than_random": true,
      "significantly_fewer_than_random": false,
      "consistent_with_random": false
    },
    {
      "tau": 1.0,
      "vocab_size": 10000,
      "n_vertices": 10000,
      "edge_density": 0.11303084308430843,
      "observed_triangles": 355023097,
      "expected_sparse": 240607605.6303748,
      "variance_sparse": 264799005.3223108,
      "std_sparse": 16272.645922600012,
      "z_score": 7031.154731310231,
      "sparse_excess_ratio": 1.4755273262034456,
      "significantly_more_than_random": true,
      "significantly_fewer_than_random": false,
      "consistent_with_random": false
    },
    {
      "tau": 2.0,
      "vocab_size": 1000,
      "n_vertices": 1000,
      "edge_density": 0.024422422422422423,
      "observed_triangles": 29441,
      "expected_sparse": 2420.532930081636,
      "variance_sparse": 2433.173978773061,
      "std_sparse": 49.32721336922512,
      "z_score": 547.7801242828007,
      "sparse_excess_ratio": 12.163023949856802,
      "significantly_more_than_random": true,
      "significantly_fewer_than_random": false,
      "consistent_with_random": false
    },
    {
      "tau": 2.0,
      "vocab_size": 2000,
      "n_vertices": 2000,
      "edge_density": 0.026443221610805402,
      "observed_triangles": 195323,
      "expected_sparse": 24616.71611566063,
      "variance_sparse": 24767.08223260986,
      "std_sparse": 157.375608760093,
      "z_score": 1084.706106805712,
      "sparse_excess_ratio": 7.934567676788524,
      "significantly_more_than_random": true,
      "significantly_fewer_than_random": false,
      "consistent_with_random": false
    },
    {
      "tau": 2.0,
      "vocab_size": 3000,
      "n_vertices": 3000,
      "edge_density": 0.02927731466044237,
      "observed_triangles": 690855,
      "expected_sparse": 112816.29155534176,
      "variance_sparse": 113658.29556552875,
      "std_sparse": 337.1324599701559,
      "z_score": 1714.574468729081,
      "sparse_excess_ratio": 6.123716623508253,
      "significantly_more_than_random": true,
      "significantly_fewer_than_random": false,
      "consistent_with_random": false
    },
    {
      "tau": 2.0,
      "vocab_size": 5000,
      "n_vertices": 5000,
      "edge_density": 0.036899139827965596,
      "observed_triangles": 4079692,
      "expected_sparse": 1046036.5730689784,
      "variance_sparse": 1058329.0924916624,
      "std_sparse": 1028.7512296428433,
      "z_score": 2948.8717383931885,
      "sparse_excess_ratio": 3.9001427914040767,
      "significantly_more_than_random": true,
      "significantly_fewer_than_random": false,
      "consistent_with_random": false
    },
    {
      "tau": 2.0,
      "vocab_size": 7500,
      "n_vertices": 7500,
      "edge_density": 0.050746997377428105,
      "observed_triangles": 23255878,
      "expected_sparse": 9185226.182493208,
      "variance_sparse": 9386111.246498484,
      "std_sparse": 3063.6761001284854,
      "z_score": 4592.734792335486,
      "sparse_excess_ratio": 2.5318786427192257,
      "significantly_more_than_random": true,
      "significantly_fewer_than_random": false,
      "consistent_with_random": false
    },
    {
      "tau": 2.0,
      "vocab_size": 10000,
      "n_vertices": 10000,
      "edge_density": 0.056967056705670566,
      "observed_triangles": 61866341,
      "expected_sparse": 30802771.554209027,
      "variance_sparse": 31645488.84324915,
      "std_sparse": 5625.432325008376,
      "z_score": 5521.9879381883275,
      "sparse_excess_ratio": 2.008466702131754,
      "significantly_more_than_random": true,
      "significantly_fewer_than_random": false,
      "consistent_with_random": false
    },
    {
      "tau": 3.0,
      "vocab_size": 1000,
      "n_vertices": 1000,
      "edge_density": 0.007211211211211211,
      "observed_triangles": 2825,
      "expected_sparse": 62.31167517411839,
      "variance_sparse": 62.34060425173574,
      "std_sparse": 7.895606642414232,
      "z_score": 349.9019707979192,
      "sparse_excess_ratio": 45.33660814134851,
      "significantly_more_than_random": true,
      "significantly_fewer_than_random": false,
      "consistent_with_random": false
    },
    {
      "tau": 3.0,
      "vocab_size": 2000,
      "n_vertices": 2000,
      "edge_density": 0.008216608304152075,
      "observed_triangles": 23209,
      "expected_sparse": 738.5242761216149,
      "variance_sparse": 738.9689169348815,
      "std_sparse": 27.18398272760784,
      "z_score": 826.6071954591681,
      "sparse_excess_ratio": 31.426184284534077,
      "significantly_more_than_random": true,
      "significantly_fewer_than_random": false,
      "consistent_with_random": false
    },
    {
      "tau": 3.0,
      "vocab_size": 3000,
      "n_vertices": 3000,
      "edge_density": 0.009311992886517729,
      "observed_triangles": 81777,
      "expected_sparse": 3629.994819558669,
      "variance_sparse": 3632.7984249149363,
      "std_sparse": 60.27270049462639,