{
  "global": {
    "n_total": 790,
    "n_hallucinated": 450,
    "empirical_hallucination_rate": 0.569620253164557,
    "rho_global": 0.79375,
    "context_length_n": 50,
    "tv_upper_bound": 2.0,
    "tv_floor_theorem1": 0.0,
    "rare_evidence_floor": 2.6222123919726534e-35,
    "delta_analysis_alpha_n": 0.569620253164557,
    "delta_analysis_epsilon_n": 0.5,
    "delta_analysis_ambiguous_floor": 0.2848101265822785,
    "delta_analysis_delta_n_approx": 0.569620253164557,
    "delta_analysis_tv_floor": 0.2151898734177215,
    "delta_analysis_composite_floor": 0.2848101265822785,
    "composite_floor": 0.2848101265822785
  },
  "by_category": [
    {
      "category": "Fiction",
      "n_total": 70,
      "n_hallucinated": 25,
      "empirical_hallucination_rate": 0.35714285714285715,
      "rho_category": 0.825,
      "context_length_n": 50,
      "alpha_n": 0.35714285714285715,
      "epsilon_n": 0.17857142857142858,
      "tv_upper_bound": 2.0,
      "tv_floor_theorem1": 0.0,
      "rare_evidence_floor": 7.093693807756005e-39,
      "ambiguous_region_floor": 0.06377551020408163,
      "composite_floor": 0.06377551020408163,
      "floor_vs_empirical_gap": 0.29336734693877553
    },
    {
      "category": "History",
      "n_total": 100,
      "n_hallucinated": 40,
      "empirical_hallucination_rate": 0.4,
      "rho_category": 0.75,
      "context_length_n": 50,
      "alpha_n": 0.4,
      "epsilon_n": 0.2,
      "tv_upper_bound": 2.0,
      "tv_floor_theorem1": 0.0,
      "rare_evidence_floor": 3.944304526105059e-31,
      "ambiguous_region_floor": 0.08000000000000002,
      "composite_floor": 0.08000000000000002,
      "floor_vs_empirical_gap": 0.32
    },
    {
      "category": "Misconceptions",
      "n_total": 90,
      "n_hallucinated": 55,
      "empirical_hallucination_rate": 0.6111111111111112,
      "rho_category": 0.775,
      "context_length_n": 50,
      "alpha_n": 0.6111111111111112,
      "epsilon_n": 0.3055555555555556,
      "tv_upper_bound": 2.0,
      "tv_floor_theorem1": 0.0,
      "rare_evidence_floor": 2.032805887676066e-33,
      "ambiguous_region_floor": 0.18672839506172842,
      "composite_floor": 0.18672839506172842,
      "floor_vs_empirical_gap": 0.4243827160493827
    },
    {
      "category": "Proverbs",
      "n_total": 60,
      "n_hallucinated": 35,
      "empirical_hallucination_rate": 0.5833333333333334,
      "rho_category": 0.85,
      "context_length_n": 50,
      "alpha_n": 0.5833333333333334,
      "epsilon_n": 0.2916666666666667,
      "tv_upper_bound": 2.0,
      "tv_floor_theorem1": 0.0,
      "rare_evidence_floor": 3.1881075010702716e-42,
      "ambiguous_region_floor": 0.17013888888888892,
      "composite_floor": 0.17013888888888892,
      "floor_vs_empirical_gap": 0.4131944444444444
    },
    {
      "category": "Science",
      "n_total": 80,
      "n_hallucinated": 30,
      "empirical_hallucination_rate": 0.375,
      "rho_category": 0.8,
      "context_length_n": 50,
      "alpha_n": 0.375,
      "epsilon_n": 0.1875,
      "tv_upper_bound": 2.0,
      "tv_floor_theorem1": 0.0,
      "rare_evidence_floor": 5.629499534213057e-36,
      "ambiguous_region_floor": 0.0703125,
      "composite_floor": 0.0703125,
      "floor_vs_empirical_gap": 0.3046875
    }
  ],
  "context_length_assumption": 50,
  "notes": "alpha_n proxied from empirical hallucination rate. epsilon_n proxied from triangle_density_hallucinated (or 0.5 if absent). rho estimated from category question-count heuristic. All floors are lower bounds \u2014 actual rates may be higher."
}